iter	Passed	Remaining
0	202	201841
1	255	127469
2	318	10585633	376	9385844	428	8532255	491	8145166	549	7790977	597	7410988	652	7180399	707	70019110	755	67919111	803	66156112	848	64416113	899	63348114	941	61822115	982	60446116	1027	5943217	1063	57998
18	1113	57497
19	1160	56865
20	1204	56157
21	1254	55742222	1296	55072323	1340	54532424	1383	53942525	1432	53672626	1478	53272727	1534	53272828	1580	52922929	1619	52373030	1664	52023131	1710	51733232	1761	51626
33	1805	51293434	1853	51093535	1898	50843636	1944	50613737	1994	50493838	2039	50243939	2087	50104040	2129	49814141	2173	49574242	2225	49529
43	2265	49220
44	2310	49031
45	2357	48883
46	2410	48872
47	2461	48822
48	2514	48805
49	2588	49188
50	2651	49333
51	2701	49244
52	2759	49309
53	2807	49176
54	2862	49185
55	2902	48935
56	2950	48814
57	2997	48676
58	3051	48663
59	3092	48441
60	3148	48472
61	3199	48409
62	3244	48259
63	3292	48153
64	3330	47908
65	3367	47648
66	3408	47470
67	3451	47302
68	3497	47196
69	3542	47059
70	3588	46953
71	3628	46765
72	3676	46687
73	3737	46766
74	3802	46895
75	3850	46811
76	3904	46804
77	3952	46714
78	4004	46688
79	4058	46668
80	4114	46686
81	4163	46614
82	4222	46648
83	4274	46608
84	4327	46584
85	4388	46639
86	4425	46439
87	4468	46310
88	4518	46249
89	4568	46192
90	4616	46119
91	4663	46028
92	4709	45934
93	4759	45872
94	4803	45758
95	4858	45753
96	4917	45779
97	4964	45694
98	5007	45571
99	5050	45458
100	5095	45351
101	5160	45433
102	5207	45353
103	5251	45246
104	5290	45093
105	5336	45010
106	5390	44986
107	5446	44984
108	5490	44883
109	5539	44819
110	5582	44710
111	5629	44634
112	5678	44577
113	5722	44473
114	5766	44373
115	5809	44271
116	5858	44211
117	5910	44177
118	5970	44203
119	6024	44180
120	6077	44151
121	6128	44102
122	6178	44051
123	6227	43991
124	6283	43985
125	6330	43909
126	6395	43964
127	6459	44002
128	6511	43966
129	6568	43955
130	6633	44005
131	6681	43933
132	6752	44017
133	6812	44025
134	6872	44035
135	6921	43971
136	6975	43938
137	7024	43879
138	7075	43829
139	7127	43784
140	7174	43709
141	7215	43596
142	7275	43602
143	7317	43498
144	7374	43484
145	7415	43373
146	7463	43307
147	7535	43378
148	7593	43368
149	7634	43264
150	7673	43144
151	7716	43052
152	7767	42999
153	7818	42948
154	7871	42912
155	7919	42847
156	7981	42858
157	8035	42821
158	8077	42722
159	8124	42654
160	8172	42590
161	8221	42527
162	8265	42443
163	8311	42366
164	8350	42259
165	8394	42174
166	8439	42097
167	8512	42154
168	8561	42097
169	8605	42012
170	8647	41922
171	8690	41834
172	8732	41744
173	8778	41673
174	8831	41636
175	8869	41526
176	8921	41481
177	8967	41410
178	9013	41341
179	9062	41285
180	9112	41233
181	9161	41177
182	9215	41142
183	9267	41100
184	9317	41046
185	9371	41011
186	9417	40944
187	9467	40890
188	9515	40831
189	9556	40739
190	9597	40649
191	9642	40578
192	9681	40479
193	9717	40371
194	9758	40287
195	9806	40225
196	9845	40132
197	9895	40081
198	9937	39998
199	9979	39916
200	10024	39849
201	10073	39795
202	10121	39738
203	10161	39648
204	10203	39571
205	10245	39488
206	10288	39416
207	10345	39393
208	10387	39313
209	10435	39256
210	10478	39181
211	10527	39130
212	10571	39061
213	10625	39026
214	10662	38930
215	10699	38837
216	10747	38781
217	10789	38704
218	10834	38637
219	10875	38559
220	10915	38475
221	10957	38400
222	10996	38314
223	11033	38224
224	11071	38133
225	11104	38031
226	11144	37948
227	11171	37826
228	11202	37715
229	11226	37584
230	11250	37453
231	11277	37333
232	11301	37203
233	11330	37091
234	11351	36952
235	11378	36834
236	11404	36716
237	11431	36600
238	11460	36492
239	11486	36373
240	11513	36261
241	11538	36141
242	11560	36012
243	11585	35896
244	11608	35773
245	11635	35663
246	11665	35563
247	11689	35444
248	11711	35321
249	11736	35208
250	11764	35105
251	11786	34986
252	11818	34896
253	11878	34887
254	11915	34813
255	11938	34697
256	11962	34585
257	11990	34484
258	12018	34386
259	12041	34272
260	12070	34175
261	12095	34069
262	12124	33974
263	12149	33870
264	12176	33771
265	12202	33671
266	12233	33584
267	12259	33485
268	12281	33373
269	12310	33284
270	12338	33190
271	12375	33122
272	12395	33010
273	12420	32909
274	12444	32808
275	12469	32708
276	12494	32611
277	12529	32540
278	12550	32433
279	12576	32339
280	12597	32233
281	12624	32144
282	12649	32047
283	12682	31974
284	12709	31884
285	12742	31811
286	12771	31728
287	12801	31647
288	12827	31557
289	12852	31466
290	12879	31379
291	12905	31290
292	12930	31200
293	12951	31101
294	12976	31010
295	13004	30929
296	13037	30859
297	13063	30773
298	13092	30694
299	13114	30599
300	13145	30527
301	13170	30439
302	13203	30371
303	13232	30296
304	13259	30213
305	13279	30118
306	13306	30036
307	13328	29944
308	13356	29867
309	13380	29781
310	13408	29705
311	13432	29620
312	13460	29544
313	13486	29463
314	13512	29383
315	13543	29314
316	13572	29242
317	13598	29164
318	13619	29075
319	13641	28988
320	13666	28908
321	13693	28832
322	13718	28753
323	13751	28690
324	13775	28611
325	13800	28533
326	13826	28456
327	13853	28383
328	13881	28310
329	13910	28242
330	13931	28157
331	13959	28086
332	13983	28009
333	14006	27930
334	14032	27855
335	14061	27787
336	14094	27728
337	14115	27646
338	14139	27569
339	14166	27499
340	14191	27426
341	14217	27354
342	14246	27287
343	14267	27207
344	14300	27149
345	14325	27078
346	14354	27013
347	14378	26939
348	14406	26871
349	14435	26809
350	14465	26747
351	14494	26682
352	14519	26612
353	14541	26536
354	14557	26449
355	14582	26379
356	14612	26318
357	14638	26251
358	14665	26185
359	14684	26105
360	14715	26048
361	14740	25979
362	14770	25919
363	14801	25862
364	14834	25808
365	14865	25750
366	14895	25691
367	14922	25627
368	14948	25562
369	14973	25495
370	14997	25427
371	15022	25360
372	15049	25298
373	15079	25239
374	15099	25166
375	15128	25107
376	15156	25045
377	15178	24976
378	15216	24932
379	15242	24869
380	15273	24814
381	15301	24754
382	15333	24701
383	15365	24648
384	15391	24585
385	15421	24530
386	15446	24467
387	15472	24405
388	15497	24341
389	15521	24277
390	15545	24213
391	15572	24153
392	15598	24092
393	15628	24038
394	15654	23977
395	15680	23916
396	15703	23851
397	15730	23793
398	15757	23734
399	15781	23672
400	15812	23619
401	15840	23563
402	15866	23504
403	15893	23446
404	15918	23386
405	15942	23325
406	15967	23264
407	15992	23205
408	16018	23146
409	16043	23087
410	16067	23025
411	16090	22964
412	16118	22910
413	16152	22863
414	16183	22813
415	16209	22756
416	16239	22703
417	16262	22642
418	16287	22584
419	16314	22529
420	16346	22481
421	16376	22430
422	16403	22375
423	16426	22314
424	16456	22265
425	16482	22208
426	16509	22153
427	16538	22102
428	16568	22052
429	16592	21995
430	16615	21935
431	16643	21882
432	16670	21829
433	16698	21777
434	16727	21726
435	16750	21667
436	16774	21610
437	16802	21559
438	16830	21507
439	16855	21452
440	16884	21402
441	16905	21342
442	16931	21289
443	16956	21233
444	16990	21190
445	17014	21135
446	17045	21087
447	17063	21024
448	17095	20979
449	17122	20927
450	17148	20874
451	17169	20815
452	17196	20765
453	17222	20712
454	17243	20654
455	17274	20607
456	17298	20554
457	17328	20506
458	17352	20452
459	17380	20402
460	17404	20349
461	17430	20298
462	17460	20250
463	17487	20200
464	17514	20150
465	17544	20104
466	17566	20048
467	17593	19999
468	17617	19946
469	17644	19896
470	17674	19850
471	17698	19798
472	17725	19749
473	17756	19704
474	17782	19654
475	17806	19601
476	17832	19551
477	17858	19502
478	17887	19455
479	17912	19405
480	17928	19344
481	17955	19296
482	17986	19252
483	18011	19202
484	18037	19152
485	18062	19103
486	18086	19051
487	18112	19003
488	18135	18951
489	18159	18900
490	18192	18859
491	18216	18808
492	18245	18763
493	18275	18719
494	18304	18674
495	18328	18623
496	18353	18574
497	18378	18526
498	18403	18477
499	18429	18429
500	18456	18383
501	18478	18331
502	18498	18277
503	18524	18230
504	18548	18180
505	18571	18131
506	18595	18082
507	18619	18032
508	18645	17986
509	18668	17936
510	18696	17891
511	18716	17839
512	18746	17795
513	18768	17746
514	18797	17702
515	18819	17652
516	18848	17608
517	18873	17561
518	18903	17519
519	18929	17472
520	18954	17426
521	18976	17377
522	18999	17328
523	19028	17285
524	19050	17236
525	19080	17194
526	19107	17149
527	19128	17100
528	19166	17064
529	19189	17017
530	19214	16971
531	19241	16926
532	19267	16882
533	19295	16838
534	19321	16793
535	19355	16755
536	19382	16711
537	19409	16668
538	19432	16620
539	19459	16577
540	19482	16529
541	19508	16484
542	19534	16440
543	19561	16397
544	19584	16350
545	19611	16307
546	19638	16263
547	19664	16220
548	19693	16178
549	19722	16136
550	19749	16093
551	19781	16054
552	19801	16006
553	19827	15962
554	19857	15921
555	19882	15877
556	19908	15833
557	19932	15788
558	19959	15745
559	19983	15701
560	20009	15658
561	20035	15614
562	20059	15570
563	20084	15526
564	20111	15483
565	20141	15444
566	20174	15406
567	20200	15363
568	20223	15318
569	20249	15275
570	20271	15230
571	20298	15188
572	20319	15142
573	20345	15099
574	20373	15058
575	20404	15019
576	20429	14976
577	20461	14938
578	20487	14897
579	20513	14854
580	20543	14815
581	20570	14774
582	20598	14733
583	20628	14694
584	20648	14648
585	20672	14604
586	20697	14562
587	20720	14518
588	20754	14482
589	20777	14438
590	20805	14398
591	20831	14357
592	20862	14318
593	20886	14275
594	20909	14232
595	20936	14192
596	20960	14148
597	20989	14110
598	21016	14069
599	21041	14027
600	21067	13986
601	21095	13946
602	21116	13902
603	21140	13860
604	21165	13818
605	21190	13777
606	21218	13738
607	21242	13695
608	21271	13657
609	21295	13614
610	21319	13573
611	21346	13533
612	21374	13494
613	21405	13457
614	21454	13431
615	21495	13399
616	21523	13360
617	21551	13321
618	21581	13283
619	21609	13244
620	21637	13205
621	21663	13165
622	21692	13126
623	21719	13087
624	21747	13048
625	21773	13008
626	21805	12971
627	21850	12943
628	21882	12906
629	21920	12873
630	21947	12834
631	21976	12796
632	22006	12759
633	22041	12724
634	22067	12684
635	22101	12649
636	22128	12610
637	22159	12573
638	22193	12537
639	22222	12499
640	22251	12462
641	22277	12422
642	22302	12382
643	22336	12347
644	22356	12304
645	22381	12264
646	22411	12227
647	22431	12184
648	22463	12149
649	22484	12107
650	22511	12068
651	22536	12028
652	22568	11992
653	22591	11952
654	22618	11913
655	22646	11875
656	22670	11835
657	22698	11797
658	22725	11759
659	22748	11718
660	22772	11679
661	22797	11639
662	22821	11599
663	22848	11561
664	22875	11523
665	22899	11484
666	22926	11445
667	22949	11405
668	22974	11366
669	23004	11330
670	23031	11292
671	23057	11254
672	23083	11215
673	23114	11180
674	23141	11141
675	23168	11104
676	23191	11064
677	23218	11027
678	23246	10989
679	23280	10955
680	23305	10916
681	23324	10875
682	23350	10837
683	23373	10798
684	23395	10758
685	23424	10721
686	23446	10682
687	23479	10647
688	23509	10611
689	23546	10578
690	23569	10539
691	23595	10501
692	23621	10464
693	23647	10426
694	23672	10388
695	23706	10354
696	23729	10315
697	23757	10279
698	23780	10240
699	23813	10205
700	23842	10169
701	23874	10134
702	23906	10100
703	23934	10063
704	23963	10027
705	23987	9989
706	24020	9954
707	24042	9915
708	24066	9877
709	24096	9842
710	24116	9802
711	24146	9766
712	24171	9729
713	24196	9692
714	24224	9655
715	24247	9617
716	24280	9583
717	24303	9545
718	24327	9507
719	24348	9468
720	24370	9430
721	24393	9392
722	24422	9356
723	24442	9318
724	24469	9281
725	24486	9241
726	24509	9203
727	24529	9165
728	24553	9127
729	24577	9090
730	24606	9054
731	24637	9020
732	24665	8984
733	24698	8950
734	24721	8913
735	24747	8876
736	24773	8840
737	24795	8802
738	24827	8768
739	24854	8732
740	24882	8697
741	24911	8661
742	24935	8624
743	24965	8590
744	24992	8554
745	25020	8519
746	25047	8483
747	25086	8451
748	25121	8418
749	25151	8383
750	25179	8348
751	25210	8314
752	25238	8278
753	25269	8244
754	25304	8211
755	25336	8177
756	25367	8143
757	25397	8108
758	25427	8073
759	25453	8037
760	25480	8002
761	25511	7968
762	25541	7933
763	25563	7896
764	25593	7861
765	25616	7825
766	25642	7789
767	25669	7754
768	25691	7717
769	25723	7683
770	25756	7649
771	25779	7613
772	25804	7577
773	25831	7542
774	25860	7508
775	25893	7474
776	25916	7438
777	25944	7403
778	25975	7369
779	26006	7335
780	26031	7299
781	26058	7264
782	26080	7227
783	26107	7192
784	26139	7159
785	26164	7123
786	26181	7085
787	26219	7053
788	26245	7018
789	26274	6984
790	26303	6950
791	26332	6915
792	26360	6881
793	26391	6847
794	26417	6811
795	26443	6777
796	26471	6742
797	26492	6706
798	26518	6671
799	26540	6635
800	26565	6600
801	26598	6566
802	26626	6532
803	26653	6497
804	26679	6462
805	26708	6428
806	26739	6394
807	26767	6360
808	26791	6325
809	26817	6290
810	26851	6257
811	26877	6222
812	26900	6187
813	26926	6152
814	26951	6117
815	26981	6084
816	27006	6049
817	27031	6014
818	27055	5979
819	27077	5943
820	27104	5909
821	27130	5875
822	27162	5841
823	27188	5807
824	27218	5773
825	27242	5738
826	27267	5704
827	27285	5667
828	27309	5633
829	27335	5598
830	27359	5564
831	27390	5530
832	27420	5497
833	27453	5464
834	27482	5430
835	27510	5396
836	27538	5362
837	27564	5328
838	27586	5293
839	27605	5258
840	27624	5222
841	27637	5186
842	27660	5151
843	27692	5118
844	27720	5084
845	27751	5051
846	27775	5017
847	27804	4983
848	27834	4950
849	27862	4916
850	27880	4881
851	27908	4847
852	27934	4813
853	27955	4779
854	27982	4745
855	28004	4711
856	28026	4676
857	28049	4642
858	28071	4607
859	28091	4573
860	28115	4538
861	28141	4505
862	28166	4471
863	28189	4437
864	28208	4402
865	28228	4367
866	28248	4333
867	28267	4298
868	28287	4264
869	28306	4229
870	28327	4195
871	28352	4161
872	28375	4127
873	28394	4093
874	28413	4059
875	28437	4025
876	28454	3990
877	28474	3956
878	28496	3922
879	28518	3888
880	28537	3854
881	28556	3820
882	28573	3786
883	28592	3751
884	28614	3718
885	28635	3684
886	28655	3650
887	28676	3616
888	28699	3583
889	28717	3549
890	28740	3516
891	28759	3482
892	28780	3448
893	28803	3415
894	28824	3381
895	28843	3347
896	28865	3314
897	28885	3280
898	28902	3247
899	28919	3213
900	28942	3180
901	28963	3146
902	28981	3113
903	29001	3079
904	29023	3046
905	29043	3013
906	29065	2980
907	29084	2946
908	29101	2913
909	29122	2880
910	29141	2846
911	29162	2813
912	29186	2781
913	29208	2748
914	29232	2715
915	29255	2682
916	29277	2649
917	29299	2617
918	29321	2584
919	29340	2551
920	29357	2518
921	29376	2485
922	29396	2452
923	29412	2419
924	29434	2386
925	29454	2353
926	29472	2320
927	29492	2288
928	29511	2255
929	29525	2222
930	29543	2189
931	29563	2156
932	29583	2124
933	29599	2091
934	29618	2059
935	29636	2026
936	29655	1993
937	29672	1961
938	29691	1928
939	29713	1896
940	29731	1864
941	29749	1831
942	29771	1799
943	29791	1767
944	29811	1735
945	29830	1702
946	29848	1670
947	29873	1638
948	29894	1606
949	29914	1574
950	29935	1542
951	29958	1510
952	29977	1478
953	30000	1446
954	30019	1414
955	30040	1382
956	30061	1350
957	30084	1318
958	30102	1286
959	30124	1255
960	30149	1223
961	30167	1191
962	30185	1159
963	30205	1127
964	30226	1096
965	30248	1064
966	30266	1032
967	30288	1001
968	30308	969
969	30325	937
970	30346	906
971	30365	874
972	30381	843
973	30397	811
974	30416	779
975	30435	748
976	30451	716
977	30467	685
978	30486	653
979	30503	622
980	30529	591
981	30549	559
982	30566	528
983	30582	497
984	30605	466
985	30623	434
986	30640	403
987	30660	372
988	30678	341
989	30695	310
990	30717	278
991	30744	247
992	30761	216
993	30775	185
994	30796	154
995	30814	123
996	30830	92
997	30848	61
998	30867	30
999	30880	0
