Antibiotic,Model,ROC-AUC,Accuracy,Balanced_Accuracy,Precision,Recall,F1-Score,MCC
AMX/AMP,XGBoost,0.7215442206654991,0.6932773109243697,0.6859238178633975,0.6816479400749064,0.7968476357267951,0.7347597900686315,0.3828429695909061
AMX/AMP,LightGBM,0.7187832749562172,0.6904761904761905,0.6821777583187391,0.6754578754578755,0.8073555166374781,0.7355404866374152,0.37807813879520713
AMX/AMP,Random Forest,0.7188480735551663,0.6895424836601307,0.6835402802101576,0.6847405112316034,0.7740805604203153,0.726674886970818,0.3742540741963674
AMX/AMP,Gradient Boosting,0.718504816112084,0.6825396825396826,0.6745481611208406,0.670605612998523,0.7950963222416813,0.7275641025641025,0.3611651893934108
AMC,XGBoost,0.7006407998756343,0.673202614379085,0.662612190479871,0.6695970695970695,0.7858985382631126,0.7231012658227848,0.3369670717357668
AMC,LightGBM,0.696286241510236,0.6671335200746965,0.6558919598762314,0.6630434782608695,0.7867583834909716,0.7196224931183641,0.32442766969198816
AMC,Random Forest,0.700796696226957,0.676937441643324,0.6689604655635939,0.6810146041506533,0.7618228718830611,0.7191558441558441,0.34471457811917616
AMC,Gradient Boosting,0.7037218387513537,0.6797385620915033,0.6680654887636057,0.6712132089016511,0.8039552880481513,0.7316118935837246,0.3511343160057162
CZ,XGBoost,0.7135775877159202,0.6839402427637722,0.6764532380145498,0.6706143597335307,0.7961335676625659,0.7280032141422258,0.36490658379156293
CZ,LightGBM,0.7164028420588296,0.6811391223155929,0.6729374242922861,0.6654545454545454,0.8040421792618629,0.7282132908873856,0.3600045074502841
CZ,Random Forest,0.7183760564070607,0.6797385620915033,0.6749618398112296,0.6796502384737679,0.7513181019332161,0.7136894824707847,0.35468666999458953
CZ,Gradient Boosting,0.7196709646475609,0.6876750700280112,0.6801440984742926,0.6733185513673319,0.8005272407732865,0.7314331593737455,0.3727353838564389
FOX,XGBoost,0.7235304683837671,0.6928104575163399,0.6859949266822343,0.6873563218390805,0.7820401046207498,0.731647634584013,0.3802387367361758
FOX,LightGBM,0.7237893915961674,0.6881419234360411,0.6816357287746493,0.684942084942085,0.7733217088055798,0.7264537264537264,0.37055095456881065
FOX,Random Forest,0.7284714768261534,0.6853408029878618,0.6803520654712096,0.6893514811849479,0.7506538796861377,0.7186978297161937,0.36486937837176225
FOX,Gradient Boosting,0.7213000486302481,0.6853408029878618,0.6784208750815981,0.6809487375669472,0.7759372275501307,0.7253463732681337,0.3649117759193844
CTX/CRO,XGBoost,0.6973242461430575,0.6736694677871149,0.6657556100981767,0.6699321778447627,0.7730434782608696,0.7178037949132015,0.34047773909113455
CTX/CRO,LightGBM,0.6938968267882188,0.669000933706816,0.6603690392706872,0.6636971046770601,0.7773913043478261,0.7160592711253504,0.3310456741237252
CTX/CRO,Random Forest,0.7022992636746144,0.6727357609710551,0.6657170406732118,0.6725595695618755,0.7608695652173914,0.7139942880456956,0.3384272110140625
CTX/CRO,Gradient Boosting,0.7000525946704068,0.676937441643324,0.6682450911640954,0.6696296296296296,0.7860869565217391,0.7232,0.34757431752196327
IPM,XGBoost,0.7163116747543694,0.6820728291316527,0.6762471132549872,0.6801872074882995,0.7629046369203849,0.7191752577319588,0.3587274655419749
IPM,LightGBM,0.7134413503617353,0.680672268907563,0.6746195013911549,0.6780449961210241,0.7646544181977253,0.71875,0.35589970212426275
IPM,Random Forest,0.7242005785312872,0.680672268907563,0.6765111568261175,0.6867371847030106,0.7384076990376203,0.7116357504215851,0.35612026347571607
IPM,Gradient Boosting,0.7151359583555559,0.6834733893557423,0.6774333388506617,0.6803723816912335,0.7672790901137357,0.7212171052631579,0.3616347082701185
GEN,XGBoost,0.5720532697276883,0.7390289449112979,0.5204863181607368,0.22258064516129034,0.17829457364341086,0.19799139167862267,0.044806845550043495
GEN,LightGBM,0.5674227198775003,0.742296918767507,0.5184522626383091,0.22033898305084745,0.16795865633074936,0.1906158357771261,0.041203035298905316
GEN,Random Forest,0.5923459734829244,0.6867413632119514,0.5469886702444842,0.23605947955390336,0.3281653746770026,0.2745945945945946,0.08337270142609622
GEN,Gradient Boosting,0.5723727703055869,0.7675070028011205,0.5207447160935533,0.24186046511627907,0.1343669250645995,0.17275747508305647,0.05312163663863781
AN,XGBoost,0.5535002332544888,0.7278244631185807,0.5269755462849938,0.22404371584699453,0.2152230971128609,0.21954484605087016,0.05481259790783892
AN,LightGBM,0.5471248589667348,0.73062558356676,0.5183950600723461,0.21176470588235294,0.1889763779527559,0.19972260748959778,0.03849962683781176
AN,Random Forest,0.5618198917639554,0.611577964519141,0.5354643701905234,0.2067620286085826,0.41732283464566927,0.27652173913043476,0.056541324088730034
AN,Gradient Boosting,0.5605597213465863,0.7488328664799253,0.5274115011603107,0.2356902356902357,0.1837270341207349,0.20648967551622419,0.060663654764213794
Acide nalidixique,XGBoost,0.6302393707351716,0.6587301587301587,0.5728378670454195,0.17963224893917965,0.4568345323741007,0.2578680203045685,0.10411106996371185
Acide nalidixique,LightGBM,0.6243815033809862,0.6858076563958917,0.5547287491894897,0.17355371900826447,0.3776978417266187,0.23782559456398641,0.08171019541286285
Acide nalidixique,Random Forest,0.6263334825701671,0.6139122315592904,0.5715719270077501,0.17125748502994012,0.5143884892086331,0.25696316262353996,0.09863635759979328
Acide nalidixique,Gradient Boosting,0.6238951971470035,0.6587301587301587,0.5575346589681045,0.1703056768558952,0.420863309352518,0.24248704663212436,0.08285047938124894
ofx,XGBoost,0.6336812836882737,0.6844070961718021,0.5687939792161797,0.18152866242038215,0.41304347826086957,0.252212389380531,0.10126235605039285
ofx,LightGBM,0.6325424841169983,0.7236227824463118,0.5619728319120183,0.18774703557312253,0.3442028985507246,0.24296675191815856,0.09776306086619853
ofx,Random Forest,0.6180662348354224,0.6213818860877685,0.5897350761918077,0.18040621266427717,0.5471014492753623,0.27133872416891286,0.12323515267510757
ofx,Gradient Boosting,0.6318036721189244,0.6820728291316527,0.5736287804650729,0.18408736349453977,0.427536231884058,0.257360959651036,0.1077379239584805
CIP,XGBoost,0.6579044176001883,0.69234360410831,0.5929176851528524,0.2082018927444795,0.45674740484429066,0.28602383531960995,0.139081609783692
CIP,LightGBM,0.6562723498973889,0.719421101774043,0.5808228310212374,0.2100371747211896,0.39100346020761245,0.27327690447400244,0.12733780679542933
CIP,Random Forest,0.6562340691331928,0.6521942110177404,0.6062188501952319,0.2038961038961039,0.5432525951557093,0.29650613786591123,0.15125014663217276
CIP,Gradient Boosting,0.6561771148254865,0.6946778711484594,0.5942668486714707,0.20985691573926868,0.45674740484429066,0.2875816993464052,0.14142651147103372
C,XGBoost,0.6451486145120546,0.6727357609710551,0.5922794010898075,0.1936416184971098,0.48375451263537905,0.27657378740970073,0.13242714528774832
C,LightGBM,0.6407845452521752,0.680672268907563,0.5599500585553759,0.17543859649122806,0.3971119133574007,0.24336283185840707,0.08842169239411334
C,Random Forest,0.6392166161767695,0.6395891690009337,0.6024467436435961,0.19101123595505617,0.5523465703971119,0.28385899814471244,0.1420943500399356
C,Gradient Boosting,0.64469952865342,0.673202614379085,0.574104005962002,0.18290854572713644,0.4404332129963899,0.2584745762711864,0.10739697702029945
Co-trimoxazole,XGBoost,0.6485648083908481,0.6610644257703081,0.5800603310796297,0.18758815232722145,0.46996466431095407,0.26814516129032256,0.11522164658709548
Co-trimoxazole,LightGBM,0.6426476486275344,0.6764705882352942,0.5604774404720042,0.1786833855799373,0.4028268551236749,0.247557003257329,0.0895616432908093
Co-trimoxazole,Random Forest,0.6407573128149372,0.6148459383753502,0.5983677914909228,0.18778801843317972,0.5759717314487632,0.2832319721980886,0.13569731441977828
Co-trimoxazole,Gradient Boosting,0.6480829580856762,0.6554621848739496,0.5738371441008027,0.18270571827057183,0.4628975265017668,0.262,0.10596703648367183
Furanes,XGBoost,0.6499673304450097,0.6741363211951448,0.5872076074828358,0.18301610541727673,0.4716981132075472,0.26371308016877637,0.12322574232113455
Furanes,LightGBM,0.6528080739035595,0.6932773109243697,0.5884068314552527,0.18888888888888888,0.4490566037735849,0.2659217877094972,0.12776877299785483
Furanes,Random Forest,0.6385792261838945,0.6288515406162465,0.582433831585931,0.17121588089330025,0.5207547169811321,0.25770308123249297,0.11205204979965062
Furanes,Gradient Boosting,0.6461867090198128,0.6774042950513539,0.5825906454498849,0.18113772455089822,0.45660377358490567,0.25937834941050375,0.11740293553105201
colistine,XGBoost,0.6436557208620717,0.6661998132586368,0.5789953646920148,0.17841726618705037,0.4626865671641791,0.25752855659397716,0.1116495884355482
colistine,LightGBM,0.6458409659280969,0.6890756302521008,0.5792781025502158,0.18412698412698414,0.43283582089552236,0.2583518930957684,0.1151302009800558
colistine,Random Forest,0.6302435926026219,0.6283846872082166,0.5829656413768936,0.17326732673267325,0.5223880597014925,0.26022304832713755,0.11326529636618639
colistine,Gradient Boosting,0.6494508513993533,0.6601307189542484,0.5899166122429474,0.18319559228650137,0.4962686567164179,0.2676056338028169,0.12569621048880075
